{"ACC": 20.0, "ALL": 87.00361010830325, "EPM": 5.128205128205128, "HGGNOS": 75.0, "LGGNOS": 76.31578947368422, "NBL": 28.57142857142857, "AN": 100.0, "BILIARY_TRACT": 99.01960784313727, "COADREAD": 100.0, "ES": 99.53703703703704, "HEAD_NECK": 100.0, "LIVER": 100.0, "SCLC": 100.0, "PLMESO": 100.0, "GBM": 100.0, "LNET": 100.0, "SBNET": 100.0, "OV": 100.0, "BCC": 100.0, "SKCM": 100.0, "CSCC": 90.0, "SBC": 100.0, "THYROID": 55.38461538461539, "BLADDER_URI": 100.0, "CERVIX": 100.0, "VULVA": 100.0, "BRCA": 100.0, "MBL": 59.77653631284916, "ODG": 44.44444444444444, "PAST": 8.98876404494382, "KIDNEY": 85.8044164037855, "NSCLC": 100.0, "NHL": 98.07355516637479, "AML": 55.88235294117647, "MPN": 8.695652173913043, "PANCREAS": 98.97435897435898, "PROSTATE": 99.80916030534351, "ST": 95.87628865979381, "UCEC": 100.0, "BONE_SOFT_TISSUE": 69.33333333333334, "LNM": 96.96969696969697, "BRAIN": 82.10526315789474, "BOWEL": 100.0, "ESOPHA_STOMACH": 98.7220447284345, "LUNG": 100.0, "SKIN": 100.0, "MNM": 43.859649122807014, "PANCANCER": 97.97495337063683}